experiment_id,model,dataset_version,feature_set_hash,features_used,hyperparameters,training_time_sec,accuracy,precision,recall,f1,roc_auc,pr_auc,confusion_matrix_path,model_file,date,notes
EXP_20260722_133126_decision_tree,decision_tree,v1.0,b2de8bb4f1eed629be791ba2023291aa,selected_features.json,"{""ccp_alpha"": 0.0, ""class_weight"": null, ""criterion"": ""gini"", ""max_depth"": null, ""max_features"": null, ""max_leaf_nodes"": null, ""min_impurity_decrease"": 0.0, ""min_samples_leaf"": 1, ""min_samples_split"": 2, ""min_weight_fraction_leaf"": 0.0, ""random_state"": 42, ""splitter"": ""best""}",11.76,0.9966,0.9969,0.9963,0.9966,0.9963,0.996,,models\traditional\decision_tree_best.pkl,2026-07-22T13:31:26,SMOTE applied. Evaluated on Validation set.
EXP_20260722_133157_random_forest,random_forest,v1.0,b2de8bb4f1eed629be791ba2023291aa,selected_features.json,"{""bootstrap"": true, ""ccp_alpha"": 0.0, ""class_weight"": null, ""criterion"": ""gini"", ""max_depth"": null, ""max_features"": ""sqrt"", ""max_leaf_nodes"": null, ""max_samples"": null, ""min_impurity_decrease"": 0.0, ""min_samples_leaf"": 1, ""min_samples_split"": 2, ""min_weight_fraction_leaf"": 0.0, ""n_estimators"": 100, ""n_jobs"": -1, ""oob_score"": false, ""random_state"": 42, ""verbose"": 0, ""warm_start"": false}",30.76,1.0,1.0,1.0,1.0,1.0,1.0,,models\traditional\random_forest_best.pkl,2026-07-22T13:31:57,SMOTE applied. Evaluated on Validation set.
EXP_20260722_194651_decision_tree,decision_tree,v1.0,b2de8bb4f1eed629be791ba2023291aa,selected_features.json,"{""ccp_alpha"": 0.0, ""class_weight"": null, ""criterion"": ""gini"", ""max_depth"": null, ""max_features"": null, ""max_leaf_nodes"": null, ""min_impurity_decrease"": 0.0, ""min_samples_leaf"": 1, ""min_samples_split"": 2, ""min_weight_fraction_leaf"": 0.0, ""random_state"": 42, ""splitter"": ""best""}",17.72,1.0,1.0,1.0,1.0,1.0,0.9999,,models\traditional\decision_tree_best.pkl,2026-07-22T19:46:51,SMOTE applied. Evaluated on Validation set.
EXP_20260722_194730_random_forest,random_forest,v1.0,b2de8bb4f1eed629be791ba2023291aa,selected_features.json,"{""bootstrap"": true, ""ccp_alpha"": 0.0, ""class_weight"": null, ""criterion"": ""gini"", ""max_depth"": null, ""max_features"": ""sqrt"", ""max_leaf_nodes"": null, ""max_samples"": null, ""min_impurity_decrease"": 0.0, ""min_samples_leaf"": 1, ""min_samples_split"": 2, ""min_weight_fraction_leaf"": 0.0, ""n_estimators"": 100, ""n_jobs"": -1, ""oob_score"": false, ""random_state"": 42, ""verbose"": 2, ""warm_start"": false}",37.17,1.0,1.0,1.0,1.0,1.0,1.0,,models\traditional\random_forest_best.pkl,2026-07-22T19:47:30,SMOTE applied. Evaluated on Validation set.
EXP_20260722_195709_decision_tree,decision_tree,v1.0,b2de8bb4f1eed629be791ba2023291aa,selected_features.json,"{""ccp_alpha"": 0.0, ""class_weight"": null, ""criterion"": ""gini"", ""max_depth"": null, ""max_features"": null, ""max_leaf_nodes"": null, ""min_impurity_decrease"": 0.0, ""min_samples_leaf"": 1, ""min_samples_split"": 2, ""min_weight_fraction_leaf"": 0.0, ""random_state"": 42, ""splitter"": ""best""}",9.3,0.9967,0.997,0.9964,0.9967,0.9964,0.9961,,models\traditional\decision_tree_best.pkl,2026-07-22T19:57:09,Natural balance used. Evaluated on Validation set.
EXP_20260722_195754_random_forest,random_forest,v1.0,b2de8bb4f1eed629be791ba2023291aa,selected_features.json,"{""bootstrap"": true, ""ccp_alpha"": 0.0, ""class_weight"": null, ""criterion"": ""gini"", ""max_depth"": null, ""max_features"": ""sqrt"", ""max_leaf_nodes"": null, ""max_samples"": null, ""min_impurity_decrease"": 0.0, ""min_samples_leaf"": 1, ""min_samples_split"": 2, ""min_weight_fraction_leaf"": 0.0, ""n_estimators"": 100, ""n_jobs"": -1, ""oob_score"": false, ""random_state"": 42, ""verbose"": 2, ""warm_start"": false}",44.67,1.0,1.0,1.0,1.0,1.0,1.0,,models\traditional\random_forest_best.pkl,2026-07-22T19:57:54,Natural balance used. Evaluated on Validation set.
EXP_20260722_201836_svm,svm,v1.0,b2de8bb4f1eed629be791ba2023291aa,selected_features.json,"{""C"": 1.0, ""break_ties"": false, ""cache_size"": 200, ""class_weight"": null, ""coef0"": 0.0, ""decision_function_shape"": ""ovr"", ""degree"": 3, ""gamma"": ""scale"", ""kernel"": ""rbf"", ""max_iter"": 2000, ""probability"": true, ""random_state"": 42, ""shrinking"": true, ""tol"": 0.001, ""verbose"": true}",1199.35,0.9965,0.9968,0.9962,0.9965,0.9962,0.996,,models\traditional\svm_best.pkl,2026-07-22T20:18:36,Natural balance used. Evaluated on Validation set.
EXP_20260722_201859_xgboost,xgboost,v1.0,b2de8bb4f1eed629be791ba2023291aa,selected_features.json,"{""objective"": ""binary:logistic"", ""use_label_encoder"": false, ""base_score"": null, ""booster"": null, ""callbacks"": null, ""colsample_bylevel"": null, ""colsample_bynode"": null, ""colsample_bytree"": null, ""early_stopping_rounds"": null, ""enable_categorical"": false, ""eval_metric"": ""logloss"", ""feature_types"": null, ""gamma"": null, ""gpu_id"": null, ""grow_policy"": null, ""importance_type"": null, ""interaction_constraints"": null, ""learning_rate"": null, ""max_bin"": null, ""max_cat_threshold"": null, ""max_cat_to_onehot"": null, ""max_delta_step"": null, ""max_depth"": null, ""max_leaves"": null, ""min_child_weight"": null, ""missing"": NaN, ""monotone_constraints"": null, ""n_estimators"": 100, ""n_jobs"": null, ""num_parallel_tree"": null, ""predictor"": null, ""random_state"": 42, ""reg_alpha"": null, ""reg_lambda"": null, ""sampling_method"": null, ""scale_pos_weight"": null, ""subsample"": null, ""tree_method"": null, ""validate_parameters"": null, ""verbosity"": 2}",22.56,1.0,1.0,1.0,1.0,1.0,1.0,,models\traditional\xgboost_best.pkl,2026-07-22T20:18:59,Natural balance used. Evaluated on Validation set.
EXP_20260722_202312_dense_nn,dense_nn,v1.0,b2de8bb4f1eed629be791ba2023291aa,selected_features.json,"{""epochs_run"": 6, ""batch_size"": 256, ""architecture"": [""Dense"", ""Dropout"", ""Dense"", ""Dropout"", ""Dense""]}",44.09,0.9995,0.9995,0.9995,0.9995,1.0,1.0,,models\deep_learning\dense_nn_best.keras,2026-07-22T20:23:12,SMOTE applied.
EXP_20260722_202822_lstm,lstm,v1.0,b2de8bb4f1eed629be791ba2023291aa,selected_features.json,"{""epochs_run"": 24, ""batch_size"": 256, ""architecture"": [""LSTM"", ""Dropout"", ""Dense"", ""Dropout"", ""Dense""]}",301.67,1.0,1.0,1.0,1.0,1.0,1.0,,models\deep_learning\lstm_best.keras,2026-07-22T20:28:22,timesteps=1 (Tabular evaluation); SMOTE applied.
EXP_20260722_203415_gru,gru,v1.0,b2de8bb4f1eed629be791ba2023291aa,selected_features.json,"{""epochs_run"": 30, ""batch_size"": 256, ""architecture"": [""GRU"", ""Dropout"", ""Dense"", ""Dropout"", ""Dense""]}",345.72,1.0,0.9999,1.0,0.9999,1.0,1.0,,models\deep_learning\gru_best.keras,2026-07-22T20:34:15,timesteps=1 (Tabular evaluation); SMOTE applied.
EXP_20260722_221534_randomized_search_rf,randomized_search_rf,v1.0,b2de8bb4f1eed629be791ba2023291aa,selected_features.json,"{""n_estimators"": 200, ""min_samples_split"": 2, ""min_samples_leaf"": 1, ""max_depth"": 30, ""bootstrap"": false}",3512.63,1.0,1.0,1.0,1.0,1.0,1.0,,models\automl\random_search_rf_best.pkl,2026-07-22T22:15:34,Manual sweep. SMOTE applied.
EXP_20260723_160228_randomized_search_rf,randomized_search_rf,v1.0,b2de8bb4f1eed629be791ba2023291aa,selected_features.json,"{""n_estimators"": 200, ""min_samples_split"": 2, ""min_samples_leaf"": 1, ""max_depth"": 30, ""bootstrap"": false}",3431.31,1.0,1.0,1.0,1.0,1.0,1.0,,models\automl\random_search_rf_best.pkl,2026-07-23T16:02:28,Manual sweep. SMOTE applied.
EXP_20260723_173442_automl_tpot,automl_tpot,v1.0,b2de8bb4f1eed629be791ba2023291aa,selected_features.json,"{""pipeline_code_path"": ""models\\automl\\best_pipeline_code.py""}",5533.19,0.994,0.9936,0.9944,0.9939,0.0,0.0,,models\automl\tpot_best_pipeline.pkl,2026-07-23T17:34:42,TPOT execution. SMOTE applied.
EXP_20260724_111554_randomized_search_rf,randomized_search_rf,v1.0,b2de8bb4f1eed629be791ba2023291aa,selected_features.json,"{""n_estimators"": 200, ""min_samples_split"": 2, ""min_samples_leaf"": 1, ""max_depth"": 30, ""bootstrap"": false}",2725.09,1.0,1.0,1.0,1.0,1.0,1.0,,models\automl\random_search_rf_best.pkl,2026-07-24T11:15:54,Manual sweep. SMOTE applied.
EXP_20260725_195353_randomized_search_rf,randomized_search_rf,v1.0,b2de8bb4f1eed629be791ba2023291aa,selected_features.json,"{""n_estimators"": 200, ""min_samples_split"": 2, ""min_samples_leaf"": 1, ""max_depth"": 30, ""bootstrap"": false}",2700.58,1.0,1.0,1.0,1.0,1.0,1.0,,models\automl\random_search_rf_best.pkl,2026-07-25T19:53:53,Manual sweep. SMOTE applied.
EXP_20260725_234158_automl_tpot,automl_tpot,v1.0,b2de8bb4f1eed629be791ba2023291aa,selected_features.json,"{""pipeline_code_path"": ""models\\automl\\best_pipeline_code.py""}",13681.22,0.9985,0.9986,0.9984,0.9985,1.0,1.0,,models\automl\tpot_best_pipeline.pkl,2026-07-25T23:41:58,TPOT execution. SMOTE applied.
EXP_20260727_003845_decision_tree,decision_tree,v1.0,b2de8bb4f1eed629be791ba2023291aa,selected_features.json,"{""ccp_alpha"": 0.0, ""class_weight"": null, ""criterion"": ""gini"", ""max_depth"": null, ""max_features"": null, ""max_leaf_nodes"": null, ""min_impurity_decrease"": 0.0, ""min_samples_leaf"": 1, ""min_samples_split"": 2, ""min_weight_fraction_leaf"": 0.0, ""random_state"": 42, ""splitter"": ""best""}",9.81,0.9999,0.9999,0.9999,0.9999,0.9999,0.9999,,models\traditional\decision_tree_best.pkl,2026-07-27T00:38:45,Natural balance used. Evaluated on Validation set.
EXP_20260727_003934_random_forest,random_forest,v1.0,b2de8bb4f1eed629be791ba2023291aa,selected_features.json,"{""bootstrap"": true, ""ccp_alpha"": 0.0, ""class_weight"": null, ""criterion"": ""gini"", ""max_depth"": null, ""max_features"": ""sqrt"", ""max_leaf_nodes"": null, ""max_samples"": null, ""min_impurity_decrease"": 0.0, ""min_samples_leaf"": 1, ""min_samples_split"": 2, ""min_weight_fraction_leaf"": 0.0, ""n_estimators"": 100, ""n_jobs"": -1, ""oob_score"": false, ""random_state"": 42, ""verbose"": 2, ""warm_start"": false}",47.83,1.0,1.0,1.0,1.0,1.0,1.0,,models\traditional\random_forest_best.pkl,2026-07-27T00:39:34,Natural balance used. Evaluated on Validation set.
